"classification","Sequences"
"p__Arthropoda;c__Arachnida;o__Araneae;f__Anyphaenidae;sf__NA;g__NA;s__NA",17
"p__Arthropoda;c__Arachnida;o__Araneae;f__Cheiracanthiidae;sf__NA;g__Eutichurus;s__Eutichurus sp. 1 FML",25
"p__Arthropoda;c__Arachnida;o__Mesostigmata;f__Oplitidae;sf__NA;g__NA;s__NA",61
"p__Arthropoda;c__Arachnida;o__Scorpiones;f__Buthidae;sf__NA;g__Centruroides;s__Centruroides vittatus",5
"p__Arthropoda;c__Arachnida;o__Trombidiformes;f__Erythraeidae;sf__NA;g__NA;s__NA",1889
"p__Arthropoda;c__Insecta;o__Blattodea;f__Blaberidae;sf__NA;g__NA;s__NA",2147
"p__Arthropoda;c__Insecta;o__Blattodea;f__Cryptocercidae;sf__NA;g__NA;s__NA",76
"p__Arthropoda;c__Insecta;o__Blattodea;f__Ectobiidae;sf__NA;g__NA;s__NA",7557
"p__Arthropoda;c__Insecta;o__Blattodea;f__Kalotermitidae;sf__NA;g__Neotermes;s__Neotermes holmgreni",12
"p__Arthropoda;c__Insecta;o__Blattodea;f__NA;sf__NA;g__NA;s__NA",1707
"p__Arthropoda;c__Insecta;o__Blattodea;f__Termitidae;sf__Apicotermitinae;g__OvitermesRHS;s__OvitermesRHS seani",531
"p__Arthropoda;c__Insecta;o__Blattodea;f__Termitidae;sf__Apicotermitinae;g__Patawatermes;s__Patawatermes nigripunctatus",55
"p__Arthropoda;c__Insecta;o__Blattodea;f__Termitidae;sf__Termitinae;g__Amitermes;s__Amitermes foreli",38
"p__Arthropoda;c__Insecta;o__Blattodea;f__Termitidae;sf__Termitinae;g__Cylindrotermes;s__Cylindrotermes macrognathus",6
"p__Arthropoda;c__Insecta;o__Coleoptera;f__Anthicidae;sf__NA;g__NA;s__NA",5
"p__Arthropoda;c__Insecta;o__Coleoptera;f__Biphyllidae;sf__NA;g__NA;s__NA",76
"p__Arthropoda;c__Insecta;o__Coleoptera;f__Buprestidae;sf__Buprestinae;g__Chrysobothris;s__Chrysobothris femorata",31
"p__Arthropoda;c__Insecta;o__Coleoptera;f__Cantharidae;sf__NA;g__NA;s__NA",77
"p__Arthropoda;c__Insecta;o__Coleoptera;f__Carabidae;sf__Harpalinae;g__Abaris;s__Abaris splendidula",8
"p__Arthropoda;c__Insecta;o__Coleoptera;f__Carabidae;sf__Harpalinae;g__Cymindis;s__Cymindis arizonensis",6
"p__Arthropoda;c__Insecta;o__Coleoptera;f__Carabidae;sf__Harpalinae;g__Lebia;s__Lebia cruxminor",7
"p__Arthropoda;c__Insecta;o__Coleoptera;f__Carabidae;sf__Harpalinae;g__NA;s__NA",11
"p__Arthropoda;c__Insecta;o__Coleoptera;f__Carabidae;sf__Harpalinae;g__Notiobia;s__Notiobia sp2",5
"p__Arthropoda;c__Insecta;o__Coleoptera;f__Carabidae;sf__Harpalinae;g__Platynus;s__NA",18
"p__Arthropoda;c__Insecta;o__Coleoptera;f__Carabidae;sf__Harpalinae;g__Stenognathus;s__Stenognathus quadricollis",5
"p__Arthropoda;c__Insecta;o__Coleoptera;f__Carabidae;sf__NA;g__NA;s__NA",394
"p__Arthropoda;c__Insecta;o__Coleoptera;f__Carabidae;sf__Paussinae;g__NA;s__NA",35
"p__Arthropoda;c__Insecta;o__Coleoptera;f__Carabidae;sf__Trechinae;g__Micratopus;s__Micratopus insularis",5
"p__Arthropoda;c__Insecta;o__Coleoptera;f__Cerambycidae;sf__Lamiinae;g__Lepturges;s__Lepturges limpidusAS1",68
"p__Arthropoda;c__Insecta;o__Coleoptera;f__Cerophytidae;sf__NA;g__NA;s__NA",11
"p__Arthropoda;c__Insecta;o__Coleoptera;f__Chelonariidae;sf__NA;g__NA;s__NA",1124
"p__Arthropoda;c__Insecta;o__Coleoptera;f__Chrysomelidae;sf__Galerucinae;g__Diabrotica;s__NA",21
"p__Arthropoda;c__Insecta;o__Coleoptera;f__Chrysomelidae;sf__Galerucinae;g__NA;s__NA",2126
"p__Arthropoda;c__Insecta;o__Coleoptera;f__Corylophidae;sf__NA;g__NA;s__NA",17
"p__Arthropoda;c__Insecta;o__Coleoptera;f__Curculionidae;sf__Entiminae;g__NA;s__NA",6
"p__Arthropoda;c__Insecta;o__Coleoptera;f__Curculionidae;sf__NA;g__NA;s__NA",418
"p__Arthropoda;c__Insecta;o__Coleoptera;f__Curculionidae;sf__Platypodinae;g__Euplatypus;s__Euplatypus sp. 5YB",2759
"p__Arthropoda;c__Insecta;o__Coleoptera;f__Dytiscidae;sf__NA;g__NA;s__NA",22
"p__Arthropoda;c__Insecta;o__Coleoptera;f__Elateridae;sf__Agrypninae;g__Lycoreus;s__Lycoreus suturalisAS2",6
"p__Arthropoda;c__Insecta;o__Coleoptera;f__Elateridae;sf__Elaterinae;g__Dipropus;s__NA",16
"p__Arthropoda;c__Insecta;o__Coleoptera;f__Elateridae;sf__Elaterinae;g__Orthostethus;s__Orthostethus infuscatus",11
"p__Arthropoda;c__Insecta;o__Coleoptera;f__Elateridae;sf__NA;g__NA;s__NA",5
"p__Arthropoda;c__Insecta;o__Coleoptera;f__Erotylidae;sf__NA;g__NA;s__NA",5
"p__Arthropoda;c__Insecta;o__Coleoptera;f__Erotylidae;sf__Xenoscelinae;g__NA;s__NA",6
"p__Arthropoda;c__Insecta;o__Coleoptera;f__Eupsilobiidae;sf__NA;g__NA;s__NA",10
"p__Arthropoda;c__Insecta;o__Coleoptera;f__Hydrophilidae;sf__NA;g__NA;s__NA",164
"p__Arthropoda;c__Insecta;o__Coleoptera;f__Laemophloeidae;sf__NA;g__NA;s__NA",121
"p__Arthropoda;c__Insecta;o__Coleoptera;f__Laemophloeidae;sf__NA;g__Rhabdophloeus;s__Rhabdophloeus sp. BYU CO848",8
"p__Arthropoda;c__Insecta;o__Coleoptera;f__Lampyridae;sf__NA;g__NA;s__NA",39
"p__Arthropoda;c__Insecta;o__Coleoptera;f__Latridiidae;sf__NA;g__NA;s__NA",64
"p__Arthropoda;c__Insecta;o__Coleoptera;f__Leiodidae;sf__NA;g__NA;s__NA",161
"p__Arthropoda;c__Insecta;o__Coleoptera;f__Limnichidae;sf__NA;g__NA;s__NA",509
"p__Arthropoda;c__Insecta;o__Coleoptera;f__Lycidae;sf__NA;g__NA;s__NA",619
"p__Arthropoda;c__Insecta;o__Coleoptera;f__Melyridae;sf__Malachiinae;g__Attalus;s__Attalus pallifrons",604
"p__Arthropoda;c__Insecta;o__Coleoptera;f__Mycteridae;sf__Eurypinae;g__NA;s__NA",28
"p__Arthropoda;c__Insecta;o__Coleoptera;f__NA;sf__NA;g__NA;s__NA",2374
"p__Arthropoda;c__Insecta;o__Coleoptera;f__Nitidulidae;sf__Cillaeinae;g__Conotelus;s__NA",34
"p__Arthropoda;c__Insecta;o__Coleoptera;f__Nitidulidae;sf__NA;g__NA;s__NA",53
"p__Arthropoda;c__Insecta;o__Coleoptera;f__Phalacridae;sf__NA;g__NA;s__NA",41
"p__Arthropoda;c__Insecta;o__Coleoptera;f__Ptilodactylidae;sf__NA;g__NA;s__NA",12
"p__Arthropoda;c__Insecta;o__Coleoptera;f__Ptinidae;sf__Anobiinae;g__NA;s__NA",9
"p__Arthropoda;c__Insecta;o__Coleoptera;f__Ptinidae;sf__Dorcatominae;g__Petalium;s__NA",16
"p__Arthropoda;c__Insecta;o__Coleoptera;f__Ptinidae;sf__NA;g__NA;s__NA",147
"p__Arthropoda;c__Insecta;o__Coleoptera;f__Rhipiceridae;sf__NA;g__NA;s__NA",11174
"p__Arthropoda;c__Insecta;o__Coleoptera;f__Scarabaeidae;sf__Dynastinae;g__Cyclocephala;s__Cyclocephala carbonaria",109
"p__Arthropoda;c__Insecta;o__Coleoptera;f__Scarabaeidae;sf__Dynastinae;g__Cyclocephala;s__Cyclocephala sp. 13YB",728
"p__Arthropoda;c__Insecta;o__Coleoptera;f__Scarabaeidae;sf__Melolonthinae;g__NA;s__NA",42
"p__Arthropoda;c__Insecta;o__Coleoptera;f__Scarabaeidae;sf__Melolonthinae;g__Phyllophaga;s__Phyllophaga chiriquina",244
"p__Arthropoda;c__Insecta;o__Coleoptera;f__Scarabaeidae;sf__Melolonthinae;g__Phyllophaga;s__Phyllophaga densata",1141
"p__Arthropoda;c__Insecta;o__Coleoptera;f__Scarabaeidae;sf__Melolonthinae;g__Phyllophaga;s__Phyllophaga guanacasteca",5
"p__Arthropoda;c__Insecta;o__Coleoptera;f__Scarabaeidae;sf__Melolonthinae;g__Phyllophaga;s__Phyllophaga guapilesea",163
"p__Arthropoda;c__Insecta;o__Coleoptera;f__Scarabaeidae;sf__Melolonthinae;g__Phyllophaga;s__Phyllophaga morganellaASolis02",1874
"p__Arthropoda;c__Insecta;o__Coleoptera;f__Scarabaeidae;sf__Melolonthinae;g__Phyllophaga;s__Phyllophaga morganellaASolis03",17
"p__Arthropoda;c__Insecta;o__Coleoptera;f__Scarabaeidae;sf__Melolonthinae;g__Phyllophaga;s__Phyllophaga panamana",200
"p__Arthropoda;c__Insecta;o__Coleoptera;f__Scarabaeidae;sf__Melolonthinae;g__Phyllophaga;s__Phyllophaga sp",1267
"p__Arthropoda;c__Insecta;o__Coleoptera;f__Scarabaeidae;sf__NA;g__NA;s__NA",474
"p__Arthropoda;c__Insecta;o__Coleoptera;f__Scarabaeidae;sf__Rutelinae;g__Anomala;s__NA",16
"p__Arthropoda;c__Insecta;o__Coleoptera;f__Scarabaeidae;sf__Rutelinae;g__Callistethus;s__Callistethus schneideri",591
"p__Arthropoda;c__Insecta;o__Coleoptera;f__Scarabaeidae;sf__Rutelinae;g__Callistethus;s__Callistethus sp",26997
"p__Arthropoda;c__Insecta;o__Coleoptera;f__Scarabaeidae;sf__Rutelinae;g__Callistethus;s__Callistethus valdecostatus",87
"p__Arthropoda;c__Insecta;o__Coleoptera;f__Scarabaeidae;sf__Rutelinae;g__Pelidnota;s__Pelidnota notata",10112
"p__Arthropoda;c__Insecta;o__Coleoptera;f__Scarabaeidae;sf__Rutelinae;g__Pelidnota;s__Pelidnota sp",2065
"p__Arthropoda;c__Insecta;o__Coleoptera;f__Scarabaeidae;sf__Rutelinae;g__Trizogeniates;s__Trizogeniates foveicollis",21463
"p__Arthropoda;c__Insecta;o__Coleoptera;f__Scarabaeidae;sf__Scarabaeinae;g__Copris;s__Copris brevicornis",262
"p__Arthropoda;c__Insecta;o__Coleoptera;f__Scirtidae;sf__NA;g__NA;s__NA",30
"p__Arthropoda;c__Insecta;o__Coleoptera;f__Scraptiidae;sf__NA;g__NA;s__NA",207
"p__Arthropoda;c__Insecta;o__Coleoptera;f__Staphylinidae;sf__Aleocharinae;g__NA;s__NA",6596
"p__Arthropoda;c__Insecta;o__Coleoptera;f__Staphylinidae;sf__Aleocharinae;g__Tetradonia;s__Tetradonia cf. marginalis",5
"p__Arthropoda;c__Insecta;o__Coleoptera;f__Staphylinidae;sf__Oxytelinae;g__Carpelimus;s__Carpelimus bilineatus",117
"p__Arthropoda;c__Insecta;o__Coleoptera;f__Staphylinidae;sf__Oxytelinae;g__Carpelimus;s__NA",138
"p__Arthropoda;c__Insecta;o__Coleoptera;f__Staphylinidae;sf__Oxytelinae;g__NA;s__NA",14
"p__Arthropoda;c__Insecta;o__Coleoptera;f__Staphylinidae;sf__Pselaphinae;g__NA;s__NA",110
"p__Arthropoda;c__Insecta;o__Coleoptera;f__Staphylinidae;sf__Staphylininae;g__NA;s__NA",73
"p__Arthropoda;c__Insecta;o__Coleoptera;f__Tenebrionidae;sf__Lagriinae;g__NA;s__NA",739
"p__Arthropoda;c__Insecta;o__Coleoptera;f__Tenebrionidae;sf__NA;g__NA;s__NA",4027
"p__Arthropoda;c__Insecta;o__Diptera;f__Anisopodidae;sf__Anisopodinae;g__Olbiogaster;s__NA",8
"p__Arthropoda;c__Insecta;o__Diptera;f__Asilidae;sf__NA;g__NA;s__NA",160
"p__Arthropoda;c__Insecta;o__Diptera;f__Calliphoridae;sf__NA;g__NA;s__NA",3583
"p__Arthropoda;c__Insecta;o__Diptera;f__Cecidomyiidae;sf__Cecidomyiinae;g__Asteromyia;s__Asteromyia laeviana",13
"p__Arthropoda;c__Insecta;o__Diptera;f__Cecidomyiidae;sf__Cecidomyiinae;g__Dasineura;s__NA",44
"p__Arthropoda;c__Insecta;o__Diptera;f__Cecidomyiidae;sf__Cecidomyiinae;g__NA;s__NA",82
"p__Arthropoda;c__Insecta;o__Diptera;f__Cecidomyiidae;sf__NA;g__NA;s__NA",5012
"p__Arthropoda;c__Insecta;o__Diptera;f__Ceratopogonidae;sf__Ceratopogoninae;g__Culicoides;s__Culicoides debilipalpis",6
"p__Arthropoda;c__Insecta;o__Diptera;f__Ceratopogonidae;sf__Ceratopogoninae;g__Culicoides;s__NA",724
"p__Arthropoda;c__Insecta;o__Diptera;f__Ceratopogonidae;sf__NA;g__NA;s__NA",686
"p__Arthropoda;c__Insecta;o__Diptera;f__Chironomidae;sf__Chironominae;g__Chironomus;s__Chironomus sp.",83
"p__Arthropoda;c__Insecta;o__Diptera;f__Chironomidae;sf__Chironominae;g__Chironomus;s__Chironomus sp. 3",5
"p__Arthropoda;c__Insecta;o__Diptera;f__Chironomidae;sf__NA;g__NA;s__NA",520
"p__Arthropoda;c__Insecta;o__Diptera;f__Chironomidae;sf__Tanypodinae;g__Thienemannimyia;s__Thienemannimyia sp. 9XL",12
"p__Arthropoda;c__Insecta;o__Diptera;f__Chloropidae;sf__Chloropinae;g__Steleocerellus;s__Steleocerellus sp. 2",942
"p__Arthropoda;c__Insecta;o__Diptera;f__Chloropidae;sf__NA;g__NA;s__NA",122
"p__Arthropoda;c__Insecta;o__Diptera;f__Chloropidae;sf__Oscinellinae;g__Hippelates;s__NA",38
"p__Arthropoda;c__Insecta;o__Diptera;f__Culicidae;sf__Culicinae;g__Culex;s__Culex sp. 6 HY-2020",191
"p__Arthropoda;c__Insecta;o__Diptera;f__Dolichopodidae;sf__NA;g__NA;s__NA",24
"p__Arthropoda;c__Insecta;o__Diptera;f__Drosophilidae;sf__Drosophilinae;g__Drosophila;s__Drosophila bromeliae",11
"p__Arthropoda;c__Insecta;o__Diptera;f__Drosophilidae;sf__NA;g__NA;s__NA",5
"p__Arthropoda;c__Insecta;o__Diptera;f__Keroplatidae;sf__NA;g__NA;s__NA",211
"p__Arthropoda;c__Insecta;o__Diptera;f__Lauxaniidae;sf__NA;g__NA;s__NA",66
"p__Arthropoda;c__Insecta;o__Diptera;f__Limoniidae;sf__Chioneinae;g__Erioptera;s__Erioptera villosa",8
"p__Arthropoda;c__Insecta;o__Diptera;f__Limoniidae;sf__NA;g__NA;s__NA",10
"p__Arthropoda;c__Insecta;o__Diptera;f__Milichiidae;sf__Madizinae;g__Desmometopa;s__NA",5
"p__Arthropoda;c__Insecta;o__Diptera;f__Milichiidae;sf__Milichiinae;g__Pholeomyia;s__NA",50
"p__Arthropoda;c__Insecta;o__Diptera;f__Milichiidae;sf__Phyllomyzinae;g__Phyllomyza;s__NA",227
"p__Arthropoda;c__Insecta;o__Diptera;f__Muscidae;sf__NA;g__NA;s__NA",63
"p__Arthropoda;c__Insecta;o__Diptera;f__Mycetophilidae;sf__Mycomyinae;g__Mycomya;s__NA",5
"p__Arthropoda;c__Insecta;o__Diptera;f__NA;sf__NA;g__NA;s__NA",8438
"p__Arthropoda;c__Insecta;o__Diptera;f__Phoridae;sf__Metopininae;g__Megaselia;s__NA",5
"p__Arthropoda;c__Insecta;o__Diptera;f__Phoridae;sf__Metopininae;g__Metopina;s__NA",2331
"p__Arthropoda;c__Insecta;o__Diptera;f__Phoridae;sf__Metopininae;g__NA;s__NA",7
"p__Arthropoda;c__Insecta;o__Diptera;f__Phoridae;sf__Metopininae;g__Nothomicrodon;s__Nothomicrodon sp. 1 GS-2016",233
"p__Arthropoda;c__Insecta;o__Diptera;f__Phoridae;sf__NA;g__NA;s__NA",887
"p__Arthropoda;c__Insecta;o__Diptera;f__Phoridae;sf__Phorinae;g__Dohrniphora;s__Dohrniphora ecitophila",47
"p__Arthropoda;c__Insecta;o__Diptera;f__Psychodidae;sf__NA;g__NA;s__NA",242
"p__Arthropoda;c__Insecta;o__Diptera;f__Sarcophagidae;sf__NA;g__NA;s__NA",145
"p__Arthropoda;c__Insecta;o__Diptera;f__Scatopsidae;sf__NA;g__NA;s__NA",6
"p__Arthropoda;c__Insecta;o__Diptera;f__Scatopsidae;sf__Scatopsinae;g__Rhexoza;s__NA",32
"p__Arthropoda;c__Insecta;o__Diptera;f__Sciaridae;sf__NA;g__NA;s__NA",32
"p__Arthropoda;c__Insecta;o__Diptera;f__Sciaridae;sf__NA;g__Pseudolycoriella;s__NA",5
"p__Arthropoda;c__Insecta;o__Diptera;f__Sphaeroceridae;sf__Limosininae;g__Archiceroptera;s__Archiceroptera highhells_SP",159
"p__Arthropoda;c__Insecta;o__Diptera;f__Sphaeroceridae;sf__Limosininae;g__Archiceroptera;s__Archiceroptera venezolana",8
"p__Arthropoda;c__Insecta;o__Diptera;f__Stratiomyidae;sf__NA;g__NA;s__NA",1523
"p__Arthropoda;c__Insecta;o__Diptera;f__Tachinidae;sf__Exoristinae;g__Chrysoexorista;s__Chrysoexorista Malaise8446",7
"p__Arthropoda;c__Insecta;o__Diptera;f__Tachinidae;sf__Exoristinae;g__Prospherysa;s__Prospherysa Malaise8606",74
"p__Arthropoda;c__Insecta;o__Diptera;f__Tachinidae;sf__Exoristinae;g__Zizyphomyia;s__Zizyphomyia Wood02",8
"p__Arthropoda;c__Insecta;o__Diptera;f__Tachinidae;sf__NA;g__NA;s__NA",5
"p__Arthropoda;c__Insecta;o__Diptera;f__Tachinidae;sf__Tachininae;g__Gymnocheta;s__Gymnocheta sp. GER1",27
"p__Arthropoda;c__Insecta;o__Embioptera;f__Oligotomidae;sf__NA;g__NA;s__NA",6
"p__Arthropoda;c__Insecta;o__Hemiptera;f__Aleyrodidae;sf__NA;g__NA;s__NA",25
"p__Arthropoda;c__Insecta;o__Hemiptera;f__Alydidae;sf__NA;g__NA;s__NA",6
"p__Arthropoda;c__Insecta;o__Hemiptera;f__Cicadellidae;sf__Cicadellinae;g__Ladoffa;s__Ladoffa elauta",24
"p__Arthropoda;c__Insecta;o__Hemiptera;f__Cicadellidae;sf__NA;g__NA;s__NA",1382
"p__Arthropoda;c__Insecta;o__Hemiptera;f__Cicadellidae;sf__Typhlocybinae;g__NA;s__NA",35
"p__Arthropoda;c__Insecta;o__Hemiptera;f__Cicadidae;sf__Cicadinae;g__Fidicina;s__Fidicina mannifera",12479
"p__Arthropoda;c__Insecta;o__Hemiptera;f__Cicadidae;sf__NA;g__NA;s__NA",1795
"p__Arthropoda;c__Insecta;o__Hemiptera;f__Coreidae;sf__NA;g__NA;s__NA",145
"p__Arthropoda;c__Insecta;o__Hemiptera;f__Delphacidae;sf__NA;g__NA;s__NA",101
"p__Arthropoda;c__Insecta;o__Hemiptera;f__Derbidae;sf__Derbinae;g__Omolicna;s__Omolicna latens",783
"p__Arthropoda;c__Insecta;o__Hemiptera;f__Derbidae;sf__NA;g__Herpis;s__Herpis sp. BWB-2020",28
"p__Arthropoda;c__Insecta;o__Hemiptera;f__Derbidae;sf__NA;g__Oropuna;s__NA",261
"p__Arthropoda;c__Insecta;o__Hemiptera;f__Flatidae;sf__Flatinae;g__Epormenis;s__Epormenis aripensis",5
"p__Arthropoda;c__Insecta;o__Hemiptera;f__Flatidae;sf__Flatoidinae;g__Flatoidinus;s__Flatoidinus spinosus",7
"p__Arthropoda;c__Insecta;o__Hemiptera;f__Flatidae;sf__NA;g__NA;s__NA",28
"p__Arthropoda;c__Insecta;o__Hemiptera;f__Fulgoridae;sf__NA;g__Pterodictya;s__Pterodictya reticularis",15616
"p__Arthropoda;c__Insecta;o__Hemiptera;f__Miridae;sf__NA;g__NA;s__NA",21
"p__Arthropoda;c__Insecta;o__Hemiptera;f__NA;sf__NA;g__NA;s__NA",2144
"p__Arthropoda;c__Insecta;o__Hemiptera;f__Pentatomidae;sf__Discocephalinae;g__Ablaptus;s__Ablaptus brevirostrum",482
"p__Arthropoda;c__Insecta;o__Hemiptera;f__Pentatomidae;sf__Edessinae;g__Edessa;s__Edessa arabs",23
"p__Arthropoda;c__Insecta;o__Hemiptera;f__Pentatomidae;sf__Edessinae;g__Edessa;s__Edessa sp7",26
"p__Arthropoda;c__Insecta;o__Hemiptera;f__Pentatomidae;sf__NA;g__NA;s__NA",166
"p__Arthropoda;c__Insecta;o__Hemiptera;f__Reduviidae;sf__Harpactorinae;g__Apiomerus;s__Apiomerus barrocoloradoi",5
"p__Arthropoda;c__Insecta;o__Hemiptera;f__Reduviidae;sf__Saicinae;g__Saica;s__NA",1095
"p__Arthropoda;c__Insecta;o__Hemiptera;f__Rhyparochromidae;sf__NA;g__NA;s__NA",321
"p__Arthropoda;c__Insecta;o__Hemiptera;f__Schizopteridae;sf__NA;g__NA;s__NA",12
"p__Arthropoda;c__Insecta;o__Hymenoptera;f__Bethylidae;sf__NA;g__NA;s__NA",6
"p__Arthropoda;c__Insecta;o__Hymenoptera;f__Braconidae;sf__Cheloninae;g__Chelonus;s__NA",5
"p__Arthropoda;c__Insecta;o__Hymenoptera;f__Braconidae;sf__Cheloninae;g__Phanerotoma;s__Phanerotoma sp. ADC6031",5
"p__Arthropoda;c__Insecta;o__Hymenoptera;f__Braconidae;sf__Hormiinae;g__Hormius;s__Hormius Malaise3010",5
"p__Arthropoda;c__Insecta;o__Hymenoptera;f__Braconidae;sf__Microgastrinae;g__Glyptapanteles;s__Glyptapanteles jaquioconnorae",25
"p__Arthropoda;c__Insecta;o__Hymenoptera;f__Braconidae;sf__Microgastrinae;g__Glyptapanteles;s__NA",5
"p__Arthropoda;c__Insecta;o__Hymenoptera;f__Braconidae;sf__NA;g__NA;s__NA",5
"p__Arthropoda;c__Insecta;o__Hymenoptera;f__Crabronidae;sf__NA;g__NA;s__NA",31
"p__Arthropoda;c__Insecta;o__Hymenoptera;f__Halictidae;sf__Halictinae;g__Megalopta;s__Megalopta genalis",10
"p__Arthropoda;c__Insecta;o__Hymenoptera;f__NA;sf__NA;g__NA;s__NA",95
"p__Arthropoda;c__Insecta;o__Hymenoptera;f__Vespidae;sf__Polistinae;g__Apoica;s__Apoica pallida",5
"p__Arthropoda;c__Insecta;o__Lepidoptera;f__Attevidae;sf__NA;g__Atteva;s__Atteva pustulella",5
"p__Arthropoda;c__Insecta;o__Lepidoptera;f__Autostichidae;sf__Glyphidocerinae;g__Glyphidocera;s__Glyphidocera juniperella",5
"p__Arthropoda;c__Insecta;o__Lepidoptera;f__Autostichidae;sf__Glyphidocerinae;g__NA;s__NA",21
"p__Arthropoda;c__Insecta;o__Lepidoptera;f__Autostichidae;sf__Symmocinae;g__Symmocoides;s__Symmocoides oxybiella",11
"p__Arthropoda;c__Insecta;o__Lepidoptera;f__Blastobasidae;sf__Blastobasinae;g__Hypatopa;s__Hypatopa n. sp.",11
"p__Arthropoda;c__Insecta;o__Lepidoptera;f__Blastobasidae;sf__Blastobasinae;g__blastoBioLep01;s__blastoBioLep01 BioLep5866",28
"p__Arthropoda;c__Insecta;o__Lepidoptera;f__Bucculatricidae;sf__NA;g__Bucculatrix;s__NA",5
"p__Arthropoda;c__Insecta;o__Lepidoptera;f__Coleophoridae;sf__Coleophorinae;g__Coleophora;s__Coleophora epijudaica",43
"p__Arthropoda;c__Insecta;o__Lepidoptera;f__Cosmopterigidae;sf__Chrysopeleiinae;g__NA;s__NA",50
"p__Arthropoda;c__Insecta;o__Lepidoptera;f__Cosmopterigidae;sf__Chrysopeleiinae;g__cosmoBioLep01;s__cosmoBioLep01 BioLep05",6
"p__Arthropoda;c__Insecta;o__Lepidoptera;f__Cossidae;sf__Hypoptinae;g__Langsdorfia;s__Langsdorfia luniferaDHJ03",459
"p__Arthropoda;c__Insecta;o__Lepidoptera;f__Cossidae;sf__Hypoptinae;g__Langsdorfia;s__Langsdorfia luniferaDHJ04",405
"p__Arthropoda;c__Insecta;o__Lepidoptera;f__Crambidae;sf__Acentropinae;g__acentroBioLep01;s__acentroBioLep01 BioLep12",10
"p__Arthropoda;c__Insecta;o__Lepidoptera;f__Crambidae;sf__Acentropinae;g__acentroBioLep01;s__acentroBioLep01 BioLep704",42
"p__Arthropoda;c__Insecta;o__Lepidoptera;f__Crambidae;sf__Crambinae;g__Chilo;s__Chilo suppressalis",5
"p__Arthropoda;c__Insecta;o__Lepidoptera;f__Crambidae;sf__Crambinae;g__Diatraea;s__Diatraea saccharalis",18
"p__Arthropoda;c__Insecta;o__Lepidoptera;f__Crambidae;sf__Crambinae;g__Glaucocharis;s__Glaucocharis electra",13
"p__Arthropoda;c__Insecta;o__Lepidoptera;f__Crambidae;sf__Crambinae;g__Myelobia;s__Myelobia BioLep654",176
"p__Arthropoda;c__Insecta;o__Lepidoptera;f__Crambidae;sf__Glaphyriinae;g__Dichogama;s__Dichogama BioLep1717",6
"p__Arthropoda;c__Insecta;o__Lepidoptera;f__Crambidae;sf__Glaphyriinae;g__Evergestis;s__Evergestis caesialis",9
"p__Arthropoda;c__Insecta;o__Lepidoptera;f__Crambidae;sf__Musotiminae;g__Albusambia;s__Albusambia sp. 1YB",139
"p__Arthropoda;c__Insecta;o__Lepidoptera;f__Crambidae;sf__Musotiminae;g__Neurophyseta;s__Neurophyseta BioLep0506",29
"p__Arthropoda;c__Insecta;o__Lepidoptera;f__Crambidae;sf__NA;g__NA;s__NA",950
"p__Arthropoda;c__Insecta;o__Lepidoptera;f__Crambidae;sf__Odontiinae;g__Viettessa;s__Viettessa margaritalis",50
"p__Arthropoda;c__Insecta;o__Lepidoptera;f__Crambidae;sf__Scopariinae;g__Eudonia;s__Eudonia stenota",112
"p__Arthropoda;c__Insecta;o__Lepidoptera;f__Crambidae;sf__Scopariinae;g__Scoparia;s__NA",65
"p__Arthropoda;c__Insecta;o__Lepidoptera;f__Crambidae;sf__Spilomelinae;g__Coenostolopsis;s__Coenostolopsis apicalis",15
"p__Arthropoda;c__Insecta;o__Lepidoptera;f__Crambidae;sf__Spilomelinae;g__Conchylodes;s__Conchylodes grammaphora",174
"p__Arthropoda;c__Insecta;o__Lepidoptera;f__Crambidae;sf__Spilomelinae;g__Desmia;s__Desmia Solis19",18
"p__Arthropoda;c__Insecta;o__Lepidoptera;f__Crambidae;sf__Spilomelinae;g__Desmia;s__Desmia sp. 16YB",8
"p__Arthropoda;c__Insecta;o__Lepidoptera;f__Crambidae;sf__Spilomelinae;g__Diaphania;s__Diaphania sp. 15YB",21
"p__Arthropoda;c__Insecta;o__Lepidoptera;f__Crambidae;sf__Spilomelinae;g__Eulepte;s__Eulepte sp. 1YB",5
"p__Arthropoda;c__Insecta;o__Lepidoptera;f__Crambidae;sf__Spilomelinae;g__Hydriris;s__Hydriris chalybitis",5
"p__Arthropoda;c__Insecta;o__Lepidoptera;f__Crambidae;sf__Spilomelinae;g__Neoleucinodes;s__Neoleucinodes torvis",409
"p__Arthropoda;c__Insecta;o__Lepidoptera;f__Crambidae;sf__Spilomelinae;g__Omiodes;s__Omiodes poeonalis",279
"p__Arthropoda;c__Insecta;o__Lepidoptera;f__Crambidae;sf__Spilomelinae;g__Palpita;s__NA",37
"p__Arthropoda;c__Insecta;o__Lepidoptera;f__Crambidae;sf__Spilomelinae;g__Palpita;s__Palpita venatalis",6
"p__Arthropoda;c__Insecta;o__Lepidoptera;f__Crambidae;sf__Spilomelinae;g__Prenesta;s__Prenesta sp. 1YB",5
"p__Arthropoda;c__Insecta;o__Lepidoptera;f__Crambidae;sf__Spilomelinae;g__Salbia;s__Salbia Dapkey30",48
"p__Arthropoda;c__Insecta;o__Lepidoptera;f__Crambidae;sf__Spilomelinae;g__Salbia;s__Salbia sp. 2YB",27
"p__Arthropoda;c__Insecta;o__Lepidoptera;f__Crambidae;sf__Spilomelinae;g__Spilomelinae_genus;s__Spilomelinae_genus sp. 60YB",21
"p__Arthropoda;c__Insecta;o__Lepidoptera;f__Depressariidae;sf__Depressariinae;g__Gonada;s__Gonada cabima",293
"p__Arthropoda;c__Insecta;o__Lepidoptera;f__Depressariidae;sf__Hypercalliinae;g__Hypercallia;s__Hypercallia syntoma",25
"p__Arthropoda;c__Insecta;o__Lepidoptera;f__Depressariidae;sf__NA;g__NA;s__NA",2461
"p__Arthropoda;c__Insecta;o__Lepidoptera;f__Depressariidae;sf__NA;g__elachBioLep01;s__elachBioLep01 BioLep1494",100
"p__Arthropoda;c__Insecta;o__Lepidoptera;f__Depressariidae;sf__NA;g__elachBioLep01;s__elachBioLep01 BioLep262",78
"p__Arthropoda;c__Insecta;o__Lepidoptera;f__Depressariidae;sf__NA;g__elachBioLep01;s__elachBioLep01 BioLep273",58
"p__Arthropoda;c__Insecta;o__Lepidoptera;f__Depressariidae;sf__NA;g__elachBioLep01;s__elachBioLep01 BioLep275",642
"p__Arthropoda;c__Insecta;o__Lepidoptera;f__Depressariidae;sf__NA;g__elachBioLep01;s__elachBioLep01 BioLep408",128
"p__Arthropoda;c__Insecta;o__Lepidoptera;f__Depressariidae;sf__NA;g__elachBioLep01;s__elachBioLep01 BioLep5405",1341
"p__Arthropoda;c__Insecta;o__Lepidoptera;f__Depressariidae;sf__NA;g__elachBioLep01;s__elachBioLep01 BioLep789",16
"p__Arthropoda;c__Insecta;o__Lepidoptera;f__Depressariidae;sf__NA;g__elachJanzen01;s__elachJanzen01 Janzen211",17
"p__Arthropoda;c__Insecta;o__Lepidoptera;f__Depressariidae;sf__NA;g__elachJanzen01;s__elachJanzen01 Janzen557",22
"p__Arthropoda;c__Insecta;o__Lepidoptera;f__Depressariidae;sf__NA;g__elachJanzen01;s__elachJanzen01 Janzen9347",6
"p__Arthropoda;c__Insecta;o__Lepidoptera;f__Depressariidae;sf__Stenomatinae;g__Antaeotricha;s__Antaeotricha BioLep542",62
"p__Arthropoda;c__Insecta;o__Lepidoptera;f__Depressariidae;sf__Stenomatinae;g__Antaeotricha;s__Antaeotricha Janzen128",37
"p__Arthropoda;c__Insecta;o__Lepidoptera;f__Depressariidae;sf__Stenomatinae;g__Antaeotricha;s__Antaeotricha Janzen197",305
"p__Arthropoda;c__Insecta;o__Lepidoptera;f__Depressariidae;sf__Stenomatinae;g__Antaeotricha;s__Antaeotricha Janzen208",133
"p__Arthropoda;c__Insecta;o__Lepidoptera;f__Depressariidae;sf__Stenomatinae;g__Antaeotricha;s__Antaeotricha Janzen245",553
"p__Arthropoda;c__Insecta;o__Lepidoptera;f__Depressariidae;sf__Stenomatinae;g__Antaeotricha;s__Antaeotricha fascicularis",5
"p__Arthropoda;c__Insecta;o__Lepidoptera;f__Depressariidae;sf__Stenomatinae;g__Antaeotricha;s__NA",306
"p__Arthropoda;c__Insecta;o__Lepidoptera;f__Depressariidae;sf__Stenomatinae;g__Chlamydastis;s__Chlamydastis arenaria",51
"p__Arthropoda;c__Insecta;o__Lepidoptera;f__Depressariidae;sf__Stenomatinae;g__Chlamydastis;s__Chlamydastis gracewoodae",18
"p__Arthropoda;c__Insecta;o__Lepidoptera;f__Depressariidae;sf__Stenomatinae;g__Chlamydastis;s__Chlamydastis phytoptera",14
"p__Arthropoda;c__Insecta;o__Lepidoptera;f__Depressariidae;sf__Stenomatinae;g__NA;s__NA",2782
"p__Arthropoda;c__Insecta;o__Lepidoptera;f__Depressariidae;sf__Stenomatinae;g__Promenesta;s__Promenesta leucomias",130
"p__Arthropoda;c__Insecta;o__Lepidoptera;f__Depressariidae;sf__Stenomatinae;g__Stenoma;s__NA",376
"p__Arthropoda;c__Insecta;o__Lepidoptera;f__Depressariidae;sf__Stenomatinae;g__Stenoma;s__Stenoma Janzen210",13
"p__Arthropoda;c__Insecta;o__Lepidoptera;f__Depressariidae;sf__Stenomatinae;g__Stenoma;s__Stenoma Janzen217",32
"p__Arthropoda;c__Insecta;o__Lepidoptera;f__Depressariidae;sf__Stenomatinae;g__Stenoma;s__Stenoma leucana",7
"p__Arthropoda;c__Insecta;o__Lepidoptera;f__Depressariidae;sf__Stenomatinae;g__Stenoma;s__Stenoma phillipsEPR34",56
"p__Arthropoda;c__Insecta;o__Lepidoptera;f__Depressariidae;sf__Stenomatinae;g__Stenoma;s__Stenoma sp.",246
"p__Arthropoda;c__Insecta;o__Lepidoptera;f__Elachistidae;sf__Agonoxeninae;g__agoMalaise01;s__agoMalaise01 Malaise5228",199
"p__Arthropoda;c__Insecta;o__Lepidoptera;f__Elachistidae;sf__Elachistinae;g__Elachista;s__NA",11
"p__Arthropoda;c__Insecta;o__Lepidoptera;f__Elachistidae;sf__NA;g__NA;s__NA",5
"p__Arthropoda;c__Insecta;o__Lepidoptera;f__Erebidae;sf__Arctiinae;g__Acridopsis;s__Acridopsis sp. AAJ0944",10
"p__Arthropoda;c__Insecta;o__Lepidoptera;f__Erebidae;sf__Arctiinae;g__Amaxia;s__Amaxia carinosa",18
"p__Arthropoda;c__Insecta;o__Lepidoptera;f__Erebidae;sf__Arctiinae;g__Amaxia;s__Amaxia rocioecheverriae",117
"p__Arthropoda;c__Insecta;o__Lepidoptera;f__Erebidae;sf__Arctiinae;g__Episcepsis;s__Episcepsis venata",149
"p__Arthropoda;c__Insecta;o__Lepidoptera;f__Erebidae;sf__Arctiinae;g__Euthyone;s__Euthyone simplex",13
"p__Arthropoda;c__Insecta;o__Lepidoptera;f__Erebidae;sf__Arctiinae;g__Hypocharis;s__Hypocharis sp. 1YB",33
"p__Arthropoda;c__Insecta;o__Lepidoptera;f__Erebidae;sf__Arctiinae;g__Lophocampa;s__Lophocampa modesta",16
"p__Arthropoda;c__Insecta;o__Lepidoptera;f__Erebidae;sf__Arctiinae;g__Melese;s__Melese asana",5
"p__Arthropoda;c__Insecta;o__Lepidoptera;f__Erebidae;sf__Arctiinae;g__Melese;s__Melese sixola",10
"p__Arthropoda;c__Insecta;o__Lepidoptera;f__Erebidae;sf__Arctiinae;g__Nevrolongus;s__Nevrolongus thysbodes",25
"p__Arthropoda;c__Insecta;o__Lepidoptera;f__Erebidae;sf__Arctiinae;g__Nodozana;s__Nodozana sp. 2YB",5
"p__Arthropoda;c__Insecta;o__Lepidoptera;f__Erebidae;sf__Arctiinae;g__Prepiella;s__NA",71
"p__Arthropoda;c__Insecta;o__Lepidoptera;f__Erebidae;sf__Arctiinae;g__Psoloptera;s__Psoloptera thoracica",11
"p__Arthropoda;c__Insecta;o__Lepidoptera;f__Erebidae;sf__Arctiinae;g__Thyretes;s__Thyretes sp.",7
"p__Arthropoda;c__Insecta;o__Lepidoptera;f__Erebidae;sf__Boletobiinae;g__Metalectra;s__Metalectra BioLep445",12
"p__Arthropoda;c__Insecta;o__Lepidoptera;f__Erebidae;sf__Boletobiinae;g__Metalectra;s__NA",281
"p__Arthropoda;c__Insecta;o__Lepidoptera;f__Erebidae;sf__Boletobiinae;g__Prosoparia;s__Prosoparia tenebrosa",130
"p__Arthropoda;c__Insecta;o__Lepidoptera;f__Erebidae;sf__Calpinae;g__Chamyna;s__Chamyna sp. 1YB",8
"p__Arthropoda;c__Insecta;o__Lepidoptera;f__Erebidae;sf__Calpinae;g__Goniohelia;s__Goniohelia pangraptica",203
"p__Arthropoda;c__Insecta;o__Lepidoptera;f__Erebidae;sf__Calpinae;g__Herminodes;s__Herminodes Poole09",5781
"p__Arthropoda;c__Insecta;o__Lepidoptera;f__Erebidae;sf__Calpinae;g__Herminodes;s__Herminodes juvenalisDHJ02",295
"p__Arthropoda;c__Insecta;o__Lepidoptera;f__Erebidae;sf__Calpinae;g__Herminodes;s__Herminodes subclaraDHJ04",537
"p__Arthropoda;c__Insecta;o__Lepidoptera;f__Erebidae;sf__Calpinae;g__Herminodes;s__Herminodes valida",164
"p__Arthropoda;c__Insecta;o__Lepidoptera;f__Erebidae;sf__Calpinae;g__Herminodes;s__NA",5
"p__Arthropoda;c__Insecta;o__Lepidoptera;f__Erebidae;sf__Calpinae;g__Ostha;s__Ostha Janzen249",1313
"p__Arthropoda;c__Insecta;o__Lepidoptera;f__Erebidae;sf__Calpinae;g__Sanys;s__Sanys Poole01",224
"p__Arthropoda;c__Insecta;o__Lepidoptera;f__Erebidae;sf__Calpinae;g__Triommatodes;s__Triommatodes mapiriensis",109
"p__Arthropoda;c__Insecta;o__Lepidoptera;f__Erebidae;sf__Catocalinae;g__Dialithis;s__Dialithis gemmifera",12
"p__Arthropoda;c__Insecta;o__Lepidoptera;f__Erebidae;sf__Catocalinae;g__NA;s__NA",5
"p__Arthropoda;c__Insecta;o__Lepidoptera;f__Erebidae;sf__Erebinae;g__Athyrma;s__Athyrma tuberosa",78
"p__Arthropoda;c__Insecta;o__Lepidoptera;f__Erebidae;sf__Erebinae;g__Bulia;s__Bulia sp.",8
"p__Arthropoda;c__Insecta;o__Lepidoptera;f__Erebidae;sf__Erebinae;g__Erebus;s__Erebus crepuscularis",5
"p__Arthropoda;c__Insecta;o__Lepidoptera;f__Erebidae;sf__Erebinae;g__Helia;s__Helia exsiccata",33
"p__Arthropoda;c__Insecta;o__Lepidoptera;f__Erebidae;sf__Erebinae;g__Letis;s__Letis hypnois",18
"p__Arthropoda;c__Insecta;o__Lepidoptera;f__Erebidae;sf__Erebinae;g__NA;s__NA",559
"p__Arthropoda;c__Insecta;o__Lepidoptera;f__Erebidae;sf__Erebinae;g__Ophiusa;s__Ophiusa melaconisia",7
"p__Arthropoda;c__Insecta;o__Lepidoptera;f__Erebidae;sf__Erebinae;g__Syrnia;s__Syrnia hypnois",15
"p__Arthropoda;c__Insecta;o__Lepidoptera;f__Erebidae;sf__Eulepidotinae;g__Antiblemma;s__Antiblemma Poole41",87
"p__Arthropoda;c__Insecta;o__Lepidoptera;f__Erebidae;sf__Eulepidotinae;g__Antiblemma;s__Antiblemma alcinoe",14
"p__Arthropoda;c__Insecta;o__Lepidoptera;f__Erebidae;sf__Eulepidotinae;g__Eulepidotis;s__Eulepidotis foliumDHJ02",27
"p__Arthropoda;c__Insecta;o__Lepidoptera;f__Erebidae;sf__Herminiinae;g__Lascoria;s__Lascoria sp.",153
"p__Arthropoda;c__Insecta;o__Lepidoptera;f__Erebidae;sf__Herminiinae;g__Lascoria;s__NA",12
"p__Arthropoda;c__Insecta;o__Lepidoptera;f__Erebidae;sf__Herminiinae;g__NA;s__NA",232
"p__Arthropoda;c__Insecta;o__Lepidoptera;f__Erebidae;sf__Herminiinae;g__Rejectaria;s__Rejectaria Poole13",5
"p__Arthropoda;c__Insecta;o__Lepidoptera;f__Erebidae;sf__Herminiinae;g__Rejectaria;s__Rejectaria niciasalis",100
"p__Arthropoda;c__Insecta;o__Lepidoptera;f__Erebidae;sf__Herminiinae;g__Rejectaria;s__Rejectaria zenos",19
"p__Arthropoda;c__Insecta;o__Lepidoptera;f__Erebidae;sf__Herminiinae;g__Renia;s__Renia turpis",5
"p__Arthropoda;c__Insecta;o__Lepidoptera;f__Erebidae;sf__Herminiinae;g__Zanclognatha;s__NA",49
"p__Arthropoda;c__Insecta;o__Lepidoptera;f__Erebidae;sf__Herminiinae;g__Zanclognatha;s__Zanclognatha fumosa",24
"p__Arthropoda;c__Insecta;o__Lepidoptera;f__Erebidae;sf__Lymantriinae;g__Desmoloma;s__Desmoloma sp. PL1",12
"p__Arthropoda;c__Insecta;o__Lepidoptera;f__Erebidae;sf__NA;g__NA;s__NA",1038
"p__Arthropoda;c__Insecta;o__Lepidoptera;f__Erebidae;sf__NA;g__ereBioLep01;s__ereBioLep01 BioLep656",93
"p__Arthropoda;c__Insecta;o__Lepidoptera;f__Erebidae;sf__NA;g__erebidBioLep01;s__erebidBioLep01 BioLep189",14
"p__Arthropoda;c__Insecta;o__Lepidoptera;f__Erebidae;sf__NA;g__erebidBioLep01;s__erebidBioLep01 BioLep736",102
"p__Arthropoda;c__Insecta;o__Lepidoptera;f__Erebidae;sf__Scolecocampinae;g__Arugisa;s__Arugisa BioLep87",5
"p__Arthropoda;c__Insecta;o__Lepidoptera;f__Erebidae;sf__Scolecocampinae;g__Arugisa;s__NA",91
"p__Arthropoda;c__Insecta;o__Lepidoptera;f__Euteliidae;sf__Euteliinae;g__Marathyssa;s__Marathyssa minus",198
"p__Arthropoda;c__Insecta;o__Lepidoptera;f__Gelechiidae;sf__Anacampsinae;g__Aproaerema;s__Aproaerema albifrontella",11
"p__Arthropoda;c__Insecta;o__Lepidoptera;f__Gelechiidae;sf__Dichomeridinae;g__Cymotricha;s__NA",5
"p__Arthropoda;c__Insecta;o__Lepidoptera;f__Gelechiidae;sf__Dichomeridinae;g__Dichomeris;s__Dichomeris Janzen270",9
"p__Arthropoda;c__Insecta;o__Lepidoptera;f__Gelechiidae;sf__Dichomeridinae;g__Dichomeris;s__Dichomeris Janzen376",281
"p__Arthropoda;c__Insecta;o__Lepidoptera;f__Gelechiidae;sf__Dichomeridinae;g__Dichomeris;s__Dichomeris gleba",16
"p__Arthropoda;c__Insecta;o__Lepidoptera;f__Gelechiidae;sf__Gelechiinae;g__Filatima;s__Filatima ukrainica",5
"p__Arthropoda;c__Insecta;o__Lepidoptera;f__Gelechiidae;sf__Gelechiinae;g__Teleiodes;s__Teleiodes brevivalvus",6
"p__Arthropoda;c__Insecta;o__Lepidoptera;f__Gelechiidae;sf__NA;g__NA;s__NA",268
"p__Arthropoda;c__Insecta;o__Lepidoptera;f__Gelechiidae;sf__NA;g__gelBioLep01;s__NA",68
"p__Arthropoda;c__Insecta;o__Lepidoptera;f__Gelechiidae;sf__NA;g__gelBioLep01;s__gelBioLep01 BioLep1366",240
"p__Arthropoda;c__Insecta;o__Lepidoptera;f__Gelechiidae;sf__NA;g__gelBioLep01;s__gelBioLep01 BioLep1713",5
"p__Arthropoda;c__Insecta;o__Lepidoptera;f__Gelechiidae;sf__NA;g__gelBioLep01;s__gelBioLep01 BioLep418",157
"p__Arthropoda;c__Insecta;o__Lepidoptera;f__Gelechiidae;sf__NA;g__gelBioLep01;s__gelBioLep01 BioLep601",11
"p__Arthropoda;c__Insecta;o__Lepidoptera;f__Gelechiidae;sf__NA;g__gelJanzen01;s__gelJanzen01 Janzen1207",32
"p__Arthropoda;c__Insecta;o__Lepidoptera;f__Gelechiidae;sf__NA;g__gelMalaise01;s__NA",15
"p__Arthropoda;c__Insecta;o__Lepidoptera;f__Gelechiidae;sf__NA;g__gelMalaise01;s__gelMalaise01 Malaise8081",797
"p__Arthropoda;c__Insecta;o__Lepidoptera;f__Gelechiidae;sf__NA;g__gelMalaise01;s__gelMalaise01 MalaiseMetz5154",31
"p__Arthropoda;c__Insecta;o__Lepidoptera;f__Gelechiidae;sf__NA;g__geleBioLep01;s__NA",125
"p__Arthropoda;c__Insecta;o__Lepidoptera;f__Gelechiidae;sf__NA;g__geleBioLep01;s__geleBioLep01 BioLep1006",11
"p__Arthropoda;c__Insecta;o__Lepidoptera;f__Gelechiidae;sf__NA;g__geleBioLep01;s__geleBioLep01 BioLep1180",190
"p__Arthropoda;c__Insecta;o__Lepidoptera;f__Gelechiidae;sf__NA;g__geleBioLep01;s__geleBioLep01 BioLep1189",5
"p__Arthropoda;c__Insecta;o__Lepidoptera;f__Gelechiidae;sf__NA;g__geleBioLep01;s__geleBioLep01 BioLep4740",2077
"p__Arthropoda;c__Insecta;o__Lepidoptera;f__Gelechiidae;sf__NA;g__geleBioLep01;s__geleBioLep01 BioLep5500",111
"p__Arthropoda;c__Insecta;o__Lepidoptera;f__Gelechiidae;sf__NA;g__gelechioidBioAlfa01;s__gelechioidBioAlfa01 BioAlfa122",24
"p__Arthropoda;c__Insecta;o__Lepidoptera;f__Geometridae;sf__Ennominae;g__Apiciopsis;s__Apiciopsis emilia",12
"p__Arthropoda;c__Insecta;o__Lepidoptera;f__Geometridae;sf__Ennominae;g__Biston;s__Biston sp. SH01",22
"p__Arthropoda;c__Insecta;o__Lepidoptera;f__Geometridae;sf__Ennominae;g__Chiasmia;s__Chiasmia sp. ANIC1",483
"p__Arthropoda;c__Insecta;o__Lepidoptera;f__Geometridae;sf__Ennominae;g__Epimecis;s__Epimecis conjugaria",5
"p__Arthropoda;c__Insecta;o__Lepidoptera;f__Geometridae;sf__Ennominae;g__Ischnopteris;s__Ischnopteris bifinitaDHJ02",6
"p__Arthropoda;c__Insecta;o__Lepidoptera;f__Geometridae;sf__Ennominae;g__Melanolophia;s__Melanolophia sp.",144
"p__Arthropoda;c__Insecta;o__Lepidoptera;f__Geometridae;sf__Ennominae;g__Menophra;s__Menophra obtusata",99
"p__Arthropoda;c__Insecta;o__Lepidoptera;f__Geometridae;sf__Ennominae;g__Nephodia;s__NA",5
"p__Arthropoda;c__Insecta;o__Lepidoptera;f__Geometridae;sf__Ennominae;g__Opisthoxia;s__Opisthoxia sp. 1YB",7
"p__Arthropoda;c__Insecta;o__Lepidoptera;f__Geometridae;sf__Ennominae;g__Oxydia;s__Oxydia sinuosaDHJ02",5
"p__Arthropoda;c__Insecta;o__Lepidoptera;f__Geometridae;sf__Ennominae;g__Paragonia;s__Paragonia crurariaDHJ06",171
"p__Arthropoda;c__Insecta;o__Lepidoptera;f__Geometridae;sf__Ennominae;g__Paragonia;s__Paragonia sp. 5YB",48
"p__Arthropoda;c__Insecta;o__Lepidoptera;f__Geometridae;sf__Ennominae;g__Pero;s__Pero sp.",57
"p__Arthropoda;c__Insecta;o__Lepidoptera;f__Geometridae;sf__Ennominae;g__Perusia;s__Perusia apicalis",5
"p__Arthropoda;c__Insecta;o__Lepidoptera;f__Geometridae;sf__Ennominae;g__Pyrinia;s__Pyrinia helvaria",20
"p__Arthropoda;c__Insecta;o__Lepidoptera;f__Geometridae;sf__Ennominae;g__Tmetomorpha;s__Tmetomorpha bitias",62
"p__Arthropoda;c__Insecta;o__Lepidoptera;f__Geometridae;sf__Geometrinae;g__Nemoria;s__Nemoria sp. 6YB",6
"p__Arthropoda;c__Insecta;o__Lepidoptera;f__Geometridae;sf__Geometrinae;g__Oospila;s__Oospila confluaria",7
"p__Arthropoda;c__Insecta;o__Lepidoptera;f__Geometridae;sf__Geometrinae;g__Rhodochlora;s__Rhodochlora BioLep22",21
"p__Arthropoda;c__Insecta;o__Lepidoptera;f__Geometridae;sf__NA;g__NA;s__NA",12
"p__Arthropoda;c__Insecta;o__Lepidoptera;f__Geometridae;sf__NA;g__geoJanzen01;s__geoJanzen01 Janzen816",63
"p__Arthropoda;c__Insecta;o__Lepidoptera;f__Geometridae;sf__Sterrhinae;g__Idaea;s__Idaea BioLep243",109
"p__Arthropoda;c__Insecta;o__Lepidoptera;f__Geometridae;sf__Sterrhinae;g__Idaea;s__Idaea Malaise9610",10
"p__Arthropoda;c__Insecta;o__Lepidoptera;f__Geometridae;sf__Sterrhinae;g__Idaea;s__Idaea muscifasciata",40
"p__Arthropoda;c__Insecta;o__Lepidoptera;f__Geometridae;sf__Sterrhinae;g__Idaea;s__NA",318
"p__Arthropoda;c__Insecta;o__Lepidoptera;f__Geometridae;sf__Sterrhinae;g__NA;s__NA",24
"p__Arthropoda;c__Insecta;o__Lepidoptera;f__Geometridae;sf__Sterrhinae;g__Semaeopus;s__Semaeopus deflexa",42
"p__Arthropoda;c__Insecta;o__Lepidoptera;f__Geometridae;sf__Sterrhinae;g__Semaeopus;s__Semaeopus sp. 21YB",6
"p__Arthropoda;c__Insecta;o__Lepidoptera;f__Geometridae;sf__Sterrhinae;g__Tricentra;s__Tricentra sp. 5YB",209
"p__Arthropoda;c__Insecta;o__Lepidoptera;f__Gracillariidae;sf__Acrocercopinae;g__Acrocercops;s__NA",45
"p__Arthropoda;c__Insecta;o__Lepidoptera;f__Gracillariidae;sf__Gracillariinae;g__Caloptilia;s__Caloptilia dicksoni",5
"p__Arthropoda;c__Insecta;o__Lepidoptera;f__Gracillariidae;sf__Gracillariinae;g__Caloptilia;s__Caloptilia sp.",5
"p__Arthropoda;c__Insecta;o__Lepidoptera;f__Gracillariidae;sf__NA;g__graciJanzen01;s__graciJanzen01 Janzen3165",15
"p__Arthropoda;c__Insecta;o__Lepidoptera;f__Hedylidae;sf__Hedylinae;g__Macrosoma;s__Macrosoma tipulataDHJ01",5
"p__Arthropoda;c__Insecta;o__Lepidoptera;f__Lasiocampidae;sf__Poecilocampinae;g__Euglyphis;s__Euglyphis libnitesJMR01",116
"p__Arthropoda;c__Insecta;o__Lepidoptera;f__Limacodidae;sf__Limacodinae;g__Euprosterna;s__Euprosterna hosia",20499
"p__Arthropoda;c__Insecta;o__Lepidoptera;f__Limacodidae;sf__Limacodinae;g__Natada;s__Natada kokiiDHJ01",54
"p__Arthropoda;c__Insecta;o__Lepidoptera;f__Limacodidae;sf__Limacodinae;g__Natada;s__Natada subpectinata",92
"p__Arthropoda;c__Insecta;o__Lepidoptera;f__Limacodidae;sf__Limacodinae;g__Perola;s__Perola BioLep05",512
"p__Arthropoda;c__Insecta;o__Lepidoptera;f__Limacodidae;sf__Limacodinae;g__Perola;s__Perola aenea",186
"p__Arthropoda;c__Insecta;o__Lepidoptera;f__Limacodidae;sf__Limacodinae;g__Prolimacodes;s__Prolimacodes badiaDHJ03",79
"p__Arthropoda;c__Insecta;o__Lepidoptera;f__Limacodidae;sf__NA;g__NA;s__NA",10384
"p__Arthropoda;c__Insecta;o__Lepidoptera;f__Lycaenidae;sf__Polyommatinae;g__Plebejus;s__Plebejus sarta",71
"p__Arthropoda;c__Insecta;o__Lepidoptera;f__Lycaenidae;sf__Theclinae;g__Kolana;s__Kolana ligurina",6
"p__Arthropoda;c__Insecta;o__Lepidoptera;f__Megalopygidae;sf__Megalopyginae;g__Megalopyge;s__Megalopyge Janzen03",138
"p__Arthropoda;c__Insecta;o__Lepidoptera;f__Megalopygidae;sf__Megalopyginae;g__Megalopyge;s__Megalopyge albicollis",5
"p__Arthropoda;c__Insecta;o__Lepidoptera;f__Megalopygidae;sf__Trosiinae;g__Mesoscia;s__Mesoscia dumilla",11
"p__Arthropoda;c__Insecta;o__Lepidoptera;f__Mimallonidae;sf__Cicinninae;g__Cicinnus;s__Cicinnus sp.",12
"p__Arthropoda;c__Insecta;o__Lepidoptera;f__Momphidae;sf__NA;g__NA;s__NA",5
"p__Arthropoda;c__Insecta;o__Lepidoptera;f__NA;sf__NA;g__NA;s__NA",11611
"p__Arthropoda;c__Insecta;o__Lepidoptera;f__Nepticulidae;sf__NA;g__NA;s__NA",162
"p__Arthropoda;c__Insecta;o__Lepidoptera;f__Nepticulidae;sf__NA;g__Stigmella;s__Stigmella RubusrosifoliusAus",6
"p__Arthropoda;c__Insecta;o__Lepidoptera;f__Nepticulidae;sf__NA;g__Stigmella;s__Stigmella WesternCapeEvN4075",5
"p__Arthropoda;c__Insecta;o__Lepidoptera;f__Noctuidae;sf__Acontiinae;g__Chalenata;s__Chalenata Poole01",431
"p__Arthropoda;c__Insecta;o__Lepidoptera;f__Noctuidae;sf__Acontiinae;g__Nanamonodes;s__Nanamonodes sp.",104
"p__Arthropoda;c__Insecta;o__Lepidoptera;f__Noctuidae;sf__Acronictinae;g__Chalcoecia;s__Chalcoecia emessa",10
"p__Arthropoda;c__Insecta;o__Lepidoptera;f__Noctuidae;sf__Agaristinae;g__Darceta;s__Darceta spAS1",5
"p__Arthropoda;c__Insecta;o__Lepidoptera;f__Noctuidae;sf__Agaristinae;g__Leucovis;s__Leucovis alba",40
"p__Arthropoda;c__Insecta;o__Lepidoptera;f__Noctuidae;sf__Amphipyrinae;g__Cropia;s__Cropia cedica",7
"p__Arthropoda;c__Insecta;o__Lepidoptera;f__Noctuidae;sf__Heliothinae;g__Chloridea;s__Chloridea virescens",143
"p__Arthropoda;c__Insecta;o__Lepidoptera;f__Noctuidae;sf__NA;g__Catharina;s__Catharina sp.",170
"p__Arthropoda;c__Insecta;o__Lepidoptera;f__Noctuidae;sf__NA;g__NA;s__NA",310
"p__Arthropoda;c__Insecta;o__Lepidoptera;f__Noctuidae;sf__NA;g__NoctSullivan01;s__NoctSullivan01 Sullivan2904",33
"p__Arthropoda;c__Insecta;o__Lepidoptera;f__Noctuidae;sf__NA;g__Noctuidae_incertae_sedis;s__Noctuidae_incertae_sedis sp. 14YB",60
"p__Arthropoda;c__Insecta;o__Lepidoptera;f__Noctuidae;sf__NA;g__noctBioLep01;s__noctBioLep01 BioLep850",17
"p__Arthropoda;c__Insecta;o__Lepidoptera;f__Noctuidae;sf__NA;g__noctuidBioAlfa01;s__noctuidBioAlfa01 BioAlfa323",6
"p__Arthropoda;c__Insecta;o__Lepidoptera;f__Noctuidae;sf__Noctuinae;g__Euxoa;s__Euxoa infracta",27
"p__Arthropoda;c__Insecta;o__Lepidoptera;f__Noctuidae;sf__Noctuinae;g__Marilopteryx;s__Marilopteryx Malaise8733",8
"p__Arthropoda;c__Insecta;o__Lepidoptera;f__Noctuidae;sf__Noctuinae;g__Spodoptera;s__Spodoptera pulchella",48
"p__Arthropoda;c__Insecta;o__Lepidoptera;f__Nolidae;sf__Nolinae;g__Callinola;s__Callinola BioLep709",5
"p__Arthropoda;c__Insecta;o__Lepidoptera;f__Nolidae;sf__Westermanniinae;g__Miaromima;s__Miaromima columbina",11
"p__Arthropoda;c__Insecta;o__Lepidoptera;f__Notodontidae;sf__Heterocampinae;g__Disphragis;s__Disphragis exarmata",35
"p__Arthropoda;c__Insecta;o__Lepidoptera;f__Notodontidae;sf__Nystaleinae;g__Marthula;s__Marthula pleione",6
"p__Arthropoda;c__Insecta;o__Lepidoptera;f__Oecophoridae;sf__NA;g__NA;s__NA",5
"p__Arthropoda;c__Insecta;o__Lepidoptera;f__Oecophoridae;sf__NA;g__oecoBioLep01;s__oecoBiolep01 BioLep31",63
"p__Arthropoda;c__Insecta;o__Lepidoptera;f__Oecophoridae;sf__Oecophorinae;g__Elaphromorpha;s__Elaphromorpha axierasta",17
"p__Arthropoda;c__Insecta;o__Lepidoptera;f__Opostegidae;sf__NA;g__oposBioLep01;s__oposBioLep01 BioLep01",167
"p__Arthropoda;c__Insecta;o__Lepidoptera;f__Papilionidae;sf__Papilioninae;g__Papilio;s__Papilio maackii ssp CBGPFLC_00067",21
"p__Arthropoda;c__Insecta;o__Lepidoptera;f__Psychidae;sf__NA;g__NA;s__NA",260
"p__Arthropoda;c__Insecta;o__Lepidoptera;f__Pyralidae;sf__Chrysauginae;g__Abaera;s__NA",270
"p__Arthropoda;c__Insecta;o__Lepidoptera;f__Pyralidae;sf__Chrysauginae;g__Chrysauginae_genus;s__Chrysauginae_genus sp. 20YB",5
"p__Arthropoda;c__Insecta;o__Lepidoptera;f__Pyralidae;sf__Chrysauginae;g__Lophopleura;s__Lophopleura eurzonalis",5263
"p__Arthropoda;c__Insecta;o__Lepidoptera;f__Pyralidae;sf__Chrysauginae;g__NA;s__NA",489
"p__Arthropoda;c__Insecta;o__Lepidoptera;f__Pyralidae;sf__Chrysauginae;g__chryBioLep01;s__chryBioLep01 BioLep1004",832
"p__Arthropoda;c__Insecta;o__Lepidoptera;f__Pyralidae;sf__Chrysauginae;g__chryBioLep01;s__chryBioLep01 BioLep1279",44
"p__Arthropoda;c__Insecta;o__Lepidoptera;f__Pyralidae;sf__Chrysauginae;g__chryBioLep01;s__chryBioLep01 BioLep168",1678
"p__Arthropoda;c__Insecta;o__Lepidoptera;f__Pyralidae;sf__Chrysauginae;g__chryBioLep01;s__chryBioLep01 BioLep546",228
"p__Arthropoda;c__Insecta;o__Lepidoptera;f__Pyralidae;sf__Chrysauginae;g__chryBioLep01;s__chryBioLep01 BioLep781",126
"p__Arthropoda;c__Insecta;o__Lepidoptera;f__Pyralidae;sf__Chrysauginae;g__chryBioLep01;s__chryBioLep01 BioLep788",1390
"p__Arthropoda;c__Insecta;o__Lepidoptera;f__Pyralidae;sf__Chrysauginae;g__chryBioLep01;s__chryBioLep01 BioLep8760",5
"p__Arthropoda;c__Insecta;o__Lepidoptera;f__Pyralidae;sf__Epipaschiinae;g__Carthara;s__NA",52
"p__Arthropoda;c__Insecta;o__Lepidoptera;f__Pyralidae;sf__Epipaschiinae;g__Deuterollyta;s__Deuterollyta sp. 4YB",5
"p__Arthropoda;c__Insecta;o__Lepidoptera;f__Pyralidae;sf__NA;g__NA;s__NA",86
"p__Arthropoda;c__Insecta;o__Lepidoptera;f__Pyralidae;sf__Phycitinae;g__Balinskyia;s__Balinskyia apidis",86
"p__Arthropoda;c__Insecta;o__Lepidoptera;f__Pyralidae;sf__Phycitinae;g__Cryptoblabes;s__Cryptoblabes sp. ANIC8",14
"p__Arthropoda;c__Insecta;o__Lepidoptera;f__Pyralidae;sf__Phycitinae;g__Ectomyelois;s__Ectomyelois muriscis",16
"p__Arthropoda;c__Insecta;o__Lepidoptera;f__Pyralidae;sf__Phycitinae;g__Fundella;s__Fundella argentina",38
"p__Arthropoda;c__Insecta;o__Lepidoptera;f__Pyralidae;sf__Phycitinae;g__NA;s__NA",282
"p__Arthropoda;c__Insecta;o__Lepidoptera;f__Pyralidae;sf__Phycitinae;g__phyBioLep01;s__phyBioLep01 BioLep207",136
"p__Arthropoda;c__Insecta;o__Lepidoptera;f__Pyralidae;sf__Phycitinae;g__phyBioLep01;s__phyBioLep01 BioLep3631",2095
"p__Arthropoda;c__Insecta;o__Lepidoptera;f__Pyralidae;sf__Phycitinae;g__phyBioLep01;s__phyBioLep01 BioLep725",483
"p__Arthropoda;c__Insecta;o__Lepidoptera;f__Pyralidae;sf__Phycitinae;g__phyBioLep01;s__phyBioLep01 BioLep777",45
"p__Arthropoda;c__Insecta;o__Lepidoptera;f__Pyralidae;sf__Phycitinae;g__phyBioLep01;s__phyBioLep01 BioLep929",44
"p__Arthropoda;c__Insecta;o__Lepidoptera;f__Pyralidae;sf__Phycitinae;g__phyMalaise01;s__phyMalaise01 Malaise4971",6
"p__Arthropoda;c__Insecta;o__Lepidoptera;f__Sphingidae;sf__Macroglossinae;g__Eumorpha;s__Eumorpha satellitia",49
"p__Arthropoda;c__Insecta;o__Lepidoptera;f__Stathmopodidae;sf__NA;g__Stathmopoda;s__NA",5
"p__Arthropoda;c__Insecta;o__Lepidoptera;f__Thyrididae;sf__Siculodinae;g__Hypolamprus;s__Hypolamprus stellata",21
"p__Arthropoda;c__Insecta;o__Lepidoptera;f__Tineidae;sf__Acrolophinae;g__Acrolophus;s__Acrolophus BioLep39",20
"p__Arthropoda;c__Insecta;o__Lepidoptera;f__Tineidae;sf__Acrolophinae;g__Acrolophus;s__Acrolophus pyramellus",461
"p__Arthropoda;c__Insecta;o__Lepidoptera;f__Tineidae;sf__Acrolophinae;g__acroBioLep01;s__acroBioLep01 BioLep14",22
"p__Arthropoda;c__Insecta;o__Lepidoptera;f__Tineidae;sf__Acrolophinae;g__acroBioLep01;s__acroBioLep01 BioLep18",766
"p__Arthropoda;c__Insecta;o__Lepidoptera;f__Tineidae;sf__NA;g__Diachorisia;s__NA",5
"p__Arthropoda;c__Insecta;o__Lepidoptera;f__Tineidae;sf__NA;g__NA;s__NA",15057
"p__Arthropoda;c__Insecta;o__Lepidoptera;f__Tineidae;sf__NA;g__tinBioLep01;s__NA",17
"p__Arthropoda;c__Insecta;o__Lepidoptera;f__Tineidae;sf__NA;g__tinBioLep01;s__tinBioLep01 BioLep1194",18
"p__Arthropoda;c__Insecta;o__Lepidoptera;f__Tineidae;sf__NA;g__tinBioLep01;s__tinBioLep01 BioLep5482",158
"p__Arthropoda;c__Insecta;o__Lepidoptera;f__Tortricidae;sf__Olethreutinae;g__Pelochrista;s__Pelochrista fuscostriata",158
"p__Arthropoda;c__Insecta;o__Lepidoptera;f__Tortricidae;sf__Tortricinae;g__Aethes;s__NA",16
"p__Arthropoda;c__Insecta;o__Lepidoptera;f__Uraniidae;sf__Epipleminae;g__uraBioLep01;s__uraBioLep01 BioLep340",5
"p__Arthropoda;c__Insecta;o__Lepidoptera;f__unclassified Lepidoptera;sf__NA;g__lepJanzen01;s__lepJanzen01 Janzen01",1316
"p__Arthropoda;c__Insecta;o__Mantodea;f__Mantoididae;sf__NA;g__Mantoida;s__Mantoida brunneriana",851
"p__Arthropoda;c__Insecta;o__NA;f__NA;sf__NA;g__NA;s__NA",5
"p__Arthropoda;c__Insecta;o__Neuroptera;f__Chrysopidae;sf__Chrysopinae;g__Apertochrysa;s__Apertochrysa hainana",20
"p__Arthropoda;c__Insecta;o__Neuroptera;f__Chrysopidae;sf__NA;g__NA;s__NA",6
"p__Arthropoda;c__Insecta;o__Neuroptera;f__Mantispidae;sf__Mantispinae;g__Leptomantispa;s__Leptomantispa antillesensis",187
"p__Arthropoda;c__Insecta;o__Neuroptera;f__Mantispidae;sf__Symphrasinae;g__Trichoscelia;s__Trichoscelia varia",16
"p__Arthropoda;c__Insecta;o__Orthoptera;f__Gryllidae;sf__NA;g__NA;s__NA",951
"p__Arthropoda;c__Insecta;o__Orthoptera;f__NA;sf__NA;g__NA;s__NA",1349
"p__Arthropoda;c__Insecta;o__Orthoptera;f__Tettigoniidae;sf__NA;g__NA;s__NA",55
"p__Arthropoda;c__Insecta;o__Orthoptera;f__Tettigoniidae;sf__Phaneropterinae;g__Ceraia;s__Ceraia mytra",1794
"p__Arthropoda;c__Insecta;o__Orthoptera;f__Tettigoniidae;sf__Phaneropterinae;g__Microcentrum;s__NA",111
"p__Arthropoda;c__Insecta;o__Orthoptera;f__Tettigoniidae;sf__Phaneropterinae;g__Steirodon;s__Steirodon sandrae",63
"p__Arthropoda;c__Insecta;o__Orthoptera;f__Trigonidiidae;sf__NA;g__NA;s__NA",178
"p__Arthropoda;c__Insecta;o__Phasmatodea;f__Pseudophasmatidae;sf__NA;g__NA;s__NA",151
"p__Arthropoda;c__Insecta;o__Psocodea;f__Cladiopsocidae;sf__NA;g__NA;s__NA",181
"p__Arthropoda;c__Insecta;o__Psocodea;f__Myopsocidae;sf__NA;g__NA;s__NA",24
"p__Arthropoda;c__Insecta;o__Psocodea;f__NA;sf__NA;g__NA;s__NA",6
"p__Arthropoda;c__Insecta;o__Psocodea;f__Psocidae;sf__NA;g__NA;s__NA",2791
"p__Arthropoda;c__Insecta;o__Trichoptera;f__Hydropsychidae;sf__Macronematinae;g__Leptonema;s__Leptonema sinuatum",433
"p__Arthropoda;c__Insecta;o__Trichoptera;f__Hydropsychidae;sf__Macronematinae;g__Leptonema;s__Leptonema sp. gmycC51",626
"p__Arthropoda;c__Pauropoda;o__NA;f__NA;sf__NA;g__NA;s__NA",65
"p__NA;c__NA;o__NA;f__NA;sf__NA;g__NA;s__NA",116122
